熟悉,9558
技术,5400
公司,3015
团队,2846
平台,2386
了解,2064
具备,1964
研发,1257
数据分析,1091
代码,987
配置,972
包括,914
模型,903
方法,862
逻辑,840
行业,834
统计,792
互联,719
协议,664
程序,653
发展,630
执行,602
协作,547
规范,539
核心,492
建模,491
持续,466
节假,426
节假日,409
法定,407
任务,404
区块,368
大专,361
标准,347
人工智能,344
推动,334
年终,322
保障,306
礼品,289
整理,259
体验,255
习惯,243
情况,237
检测,227
控制,214
中国,204
分享,197
地铁,188
效果,174
收集,162
容器,162
方式,158
应届,156
报表,155
生育,150
软件工程,141
统计分析,139
探索,135
缓存,135
病假,130
回归,129
单元,125
投递,122
满足,119
销售,114
享有,112
调整,108
网络安全,107
补班,97
缴纳,95
嵌入,94
双薪,89
应用服务,88
未来,87
开发工具,86
数据模型,85
说明,80
养老保险,80
品质,78
提供数据,76
理解能力,74
供应,71
追求,71
事业,70
记录,69
优质,68
获得,67
强度,66
交换机,66
博士,65
决策树,64
部分,64
成为,60
电信,60
基本操作,59
健身,59
专业知识,58
进程,57
面向对象编程,53
改善,52
层面,52
蛋糕,52
措施,51
规划设计,50
扁平,50
分割,49
怡创,49
零售,49
系统分析,47
期待,47
编译,46
期货,45
储干班,44
电力,44
投放,43
获取,43
备注,43
上进心,42
区域,42
绑定,42
竞品,41
分解,41
开放,41
出色,39
请求,38
录用,38
娱乐,37
物体,36
院校,35
系统故障,34
细节,34
引入,33
财务,33
大型项目,33
问答,33
乒乓球,32
另计,32
手续,32
深入分析,32
服务公司,31
权限,31
组织协调,31
指令,31
渲染,31
负责人,30
技术人员,29
公寓,29
数据服务,28
自动测试,28
突出,27
成立,27
商业智能,27
体育,27
填写,27
带薪休假,26
能源,26
差旅,26
操作命令,25
潜力,25
网络管理,23
力学,23
设计方案,23
定价,23
位于,23
知识库,22
孩子,22
贺礼,21
研讨,21
现网,21
攻克,21
年假,21
转换,21
优及,21
信息工程,20
持有,20
伸缩,19
公交站,19
客户关系,19
细化,19
联合,19
发行,19
针对性,19
人数,18
合理化,18
年假天,18
房租,18
无限,18
电影,17
分布式文件系统,17
以太,17
各个环节,17
服务器软件,17
大学专科,17
概述,17
服务项目,16
代数,16
借助,16
利益,16
年收入,16
户外活动,16
自助,15
复用,15
自我管理,15
软件技术,15
随时随地,15
动向,15
高精度,15
手写,15
金融业务,15
重复性,14
好学,14
等任,14
拓扑,14
优者,14
优云,14
篮球场,13
沉淀,13
数据分析系统,13
系统对,13
观点,13
探亲假,13
各种类型,13
基本概念,13
学术界,12
福利品,12
准则,12
遵守,12
龙头,12
唐普,12
混合,12
遍及,12
对抗,12
志同道合,12
内训,12
潮流,12
理清,12
现实,12
知识结构,12
应用环境,11
运筹学,11
楼室,11
向量,11
大气,11
控系统,11
中餐,11
不断改进,11
工作日,11
衔接,11
指挥,10
命令行,10
大家庭,10
书写能力,10
放松,10
管理层,10
有线,10
评定,10
广州东站,10
操守,10
最新进展,10
服务质量,10
香江,10
测试步骤,10
劳动法,10
发送到,10
加载,10
任务调度,10
宽敞明亮,10
互联网安全,9
感谢您,9
高端,9
调配,9
不间断,9
自贸区,9
法国,9
市场调研,9
激光,9
教授,9
讲授,9
事业心,9
聊天,9
充满活力,9
攻坚,9
著作权,9
新塘,9
校区,9
业务人员,9
黄埔,8
属于,8
洁癖,8
拟定,8
世界领先,8
异地,8
通话,8
电话号码,8
保质保量,8
管理软件,8
软件工具,8
排名,8
计量经济学,8
服务器进行,8
重用,8
荔湾,8
八小时,8
预期,8
勇气,8
吸引,8
庆贺,8
助手,8
设计规划,8
电视,8
激励机制,8
现贷,8
创造性,8
博士后,8
交接,8
标杆,8
社会福利,8
学术论文,8
可运,7
试验,7
高额,7
自营,7
想象力,7
符合条件,7
假餐,7
公交车,7
常识,7
有调,7
历史,7
专业化,7
数据包,7
专利申请,7
热衷于,7
促销,7
串口,7
上升,7
餐饮,7
解释,7
带宽,7
规避,7
控件,6
切图,6
生态环境,6
货品,6
花样,6
候选人,6
课后,6
转移,6
带队参加,6
学历者,6
工作汇报,6
机票,6
妹纸,6
群英,6
和线,6
贷中贷,6
带上,6
汇编语言,6
语法分析,6
交通标志,6
珠海,6
维新,6
鱼线,6
割接,6
公用,6
指派,6
电梯,6
夜班,6
诺基亚,6
督促,6
雀鸟,5
物质,5
外派,5
建立健全,5
超强,5
高科,5
试点,5
广域网,5
高管,5
西洋,5
名词,5
信息提取,5
阁房,5
理科,5
进阶,5
显示,5
东莞市,5
程序模块,5
凝聚力,5
科研成果,5
前进,5
程序调试,5
大容量,5
知名企业,5
包住,5
生物化学,5
特殊要求,5
签证,5
声纹,5
材质,5
揭商,5
财务数据,5
并行程序,5
杂堆,5
收敛,5
革命,4
点击率,4
拜师,4
季度末,4
端端,4
答疑,4
问卷,4
巴黎,4
成功经验,4
伙食,4
稿件,4
读取,4
识别系统,4
终端设备,4
注本,4
网格,4
说来,4
沙龙,4
税务总局,4
沃达丰,4
重点高校,4
微博,4
区庄,4
软件结构,4
姿态,4
数据格式,4
挪威,4
效益,4
尖端,4
考证,4
高新区,4
模拟器,4
东风,4
阴阳师,4
优惠政策,4
谈判,4
月份,4
服务器资源,4
广度,4
本职工作,4
评选,4
创立,4
工程质量,4
童鞋,4
搭配,4
刻苦耐劳,4
花桥,4
预算,4
生信,4
通用电气,4
软件包,4
示例,4
因才,4
超高,4
贯穿,4
存储模块,4
边际,3
宵夜,3
使用性能,3
网络流量,3
开门红,3
专门,3
通过考核,3
机械工程,3
女生,3
需到,3
变量,3
收视,3
南翔,3
坚信,3
有氧,3
正脉,3
管家,3
区别,3
大脑,3
初创,3
社会化,3
同等学历,3
协商,3
筹建,3
提数,3
模样,3
飞控,3
电力系统,3
培训资料,3
声纹识别,3
印度,3
赢得,3
互助,3
元宵,3
联谊,3
式调度,3
牌坊,3
真诚地,3
时能,3
信贷业务,3
生态群,3
国家标准,3
主页,3
感受,3
管理员,3
旅行,3
申报,3
工业界,3
变成,3
甄别,3
办公设备,3
交易规则,3
南方电网,3
九城,3
开发方式,3
办公自动化,3
工具集,3
途径,3
军师,3
战争,3
强强,3
认为,3
当年,3
流程化,3
错误率,3
播放,3
信奉,3
主讲,3
有益,2
短板,2
可买,2
国贸,2
熟习,2
剪辑,2
感类,2
有体,2
织物,2
经者,2
皮肤,2
计算机教育,2
爆料,2
外语,2
车联,2
周密,2
想尽办法,2
海运,2
办公网,2
云山,2
近两年,2
店长,2
婚礼,2
接不,2
慰唁,2
促使,2
教学资料,2
挥洒,2
吸纳,2
基本思路,2
星型,2
技术改造,2
种子,2
小型化,2
表面,2
股份,2
高达元,2
沙地,2
头图,2
尺度,2
牛耳,2
会议纪要,2
数码科技,2
熟读,2
布线,2
恒大,2
研究进展,2
卡位,2
有助,2
孜孜不倦,2
月报,2
包吃,2
植根于,2
红帽,2
全案,2
报读,2
换位,2
用武之地,2
发型,2
缺让,2
华景路,2
人机界面,2
学术研究,2
帮带,2
夏天,2
晶片,2
测距,2
有机,2
名额,2
有意识,2
金海马,2
单例,2
遇到困难,2
赞助,2
研类,2
仪器仪表,2
深圳市,2
控力,2
问题所在,2
以下几点,2
热门,2
颜值,2
冠军,2
销售主管,2
人机对话,2
提报,2
中台,2
共建,2
奴隶,2
管理科学,2
软体,2
诱人,2
拆分,2
服务器程序,2
机房设备,2
文创,2
百伦,2
个人成长,2
大侠,2
码头,2
高频率,2
雪花,2
五休二,2
行至,2
待机,2
深耕,2
沙岛,2
订阅,2
特殊效果,2
城市规划,2
热爱生活,2
工作团,2
有过运维,2
有创造力,2
每周三,2
营销策划,2
礼盒,2
快照,2
譬如,2
动态分析,2
标志性,1
庸者,1
相聚,1
建库,1
语名,1
大学生,1
专升本,1
粉丝,1
瑞丰,1
上佳,1
学会,1
师者,1
静音,1
经销商,1
揣摩,1
暴力,1
制胜,1
人财物,1
容桂百昌,1
体育竞技,1
八方,1
品牌形象,1
执行期,1
游戏机,1
跟随,1
边儿,1
实名,1
故障率,1
法务,1
茁壮成长,1
根基,1
上会,1
五行,1
合法权益,1
平仓,1
高材生,1
北门,1
托儿所,1
缴费,1
人事档案,1
区政,1
初心,1
爱范儿,1
回答,1
按键精灵,1
拔尖,1
汇丰银行,1
营地,1
好看,1
互联互通,1
柏丽,1
精算,1
程序库,1
说服力,1
接口定义,1
拥有者,1
企业邮箱,1
分位,1
街号,1
医生,1
怡丰,1
教学效果,1
分系统,1
火花,1
仿真技术,1
举一反三,1
好莱坞,1
招名,1
竣工,1
讲稿,1
主板,1
倾斜,1
寿命,1
实验报告,1
端口映射,1
情报资料,1
等及,1
高唐,1
如开,1
评价性,1
下建,1
贤人,1
监督控制,1
提纲,1
印尼,1
情报信息,1
听话,1
横扫,1
满足感,1
打斗,1
举措,1
教务处,1
元气,1
实验员,1
转向,1
纸质,1
顶级,1
试卷,1
发包,1
养生,1
东岳,1
自律性,1
餐饮行业,1
人儿,1
融券,1
需年,1
太帅,1
打算,1
有机物,1
控等,1
国度,1
有点,1
日臻成熟,1
拼劲,1
表到,1
动静,1
大力支持,1
新知,1
药学,1
多云,1
招请,1
转到,1
转级,1
迎难而上,1
铺楼,1
纷繁复杂,1
口才,1
盈科,1
转变成,1
日文,1
女王,1
成熟度,1
图库,1
包午,1
盈利,1
退款,1
艾美奖,1
金融体系,1
西安,1
专业级,1
内部结构,1
相伴,1
充分考虑,1
怀有,1
毅力,1
蒸笼,1
民盟中央,1
英语角,1
语本,1
泰国,1
内置,1
特定条件,1
投影仪,1
买险金,1
牛云,1
体系化,1
项太一云,1
吃饭时间,1
对象化,1
纽约市,1
坚实基础,1
饮水机,1
打磨,1
改版,1
软件应用,1
家属,1
热点问题,1
慧科,1
改革,1
推定,1
教学活动,1
业务水平,1
杜绝,1
线路板,1
心酸,1
载流子,1
顶刊,1
移动用户,1
排版,1
高普路,1
交汇处,1
瓤悸,1
泳池,1
金融市场,1
相互间,1
报送,1
股票交易,1
签订合同,1
答复,1
营销部,1
干细胞,1
言语,1
工资水平,1
资料库,1
数字视频,1
水利,1
中珠,1
避开,1
侨办,1
成有,1
通向,1
下述,1
南油,1
从前,1
给与,1
泰富,1
权证,1
看好,1
信者,1
结清,1
解放,1
河东路,1
陪餐,1
后备干部,1
同业,1
人事权,1
决策分析,1
生活品质,1
调优能,1
合格,1
银花,1
产婚,1
西华,1
指导作用,1
日语翻译,1
婊滚,1
稽核,1
维持,1
潜心,1
培升,1
夏季,1
追查,1
观摩,1
功能分析,1
微程序,1
识读,1
职能部门,1
择优录取,1
爱玩,1
中国科学院,1
中断,1
框图,1
定量分析,1
协查,1
爽点,1
学社,1
三精,1
铁板,1
高等院校,1
控制力,1
计算机设备,1
脱肉穿瘦,1
工槎,1
按规定,1
重度,1
横向发展,1
单倍体,1
接口标准,1
企业家,1
手环,1
江湾,1
传至,1
药路,1
生日派对,1
早中晚,1
应用逻辑,1
强有力,1
扩增,1
报告单,1
版块,1
磁盘阵列,1
国务院,1
高级人才,1
磨合期,1
商业地产,1
项为,1
年末,1
横跨,1
浪潮,1
接送车,1
人展培,1
防黑,1
团结奋进,1
调正,1
海南岛,1
下拨,1
公司股票,1
高分,1
